<?xml version="1.0" encoding="UTF-8"?>
<!DOCTYPE manifesto SYSTEM "manifesto-exame.dtd">
<manifesto>
    <meta>
        <identificador>Teste</identificador>
        <titulo>Ficha dweb2019-e1</titulo>
        <subtitulos>Avaliação: Desenvolvimento de Aplicações Web</subtitulos>
        <dinicio>15/01/019</dinicio>
        <dfim>15/01/2019</dfim>
        <supervisor>
            <nome>José Carlos Ramalho | </nome>
            <email>jcr@di.uminho.pt</email>
            <website>http://www.di.uminho.pt/~jcr/</website>
        </supervisor>
    </meta>
    <equipa>
        <membro>
            <nome>Sandra Teixiera Marques de Sousa - </nome>
            <identificador>PG38938 | </identificador>
            <email>sandrasousa1908@gmail.com</email>
            <website> </website>
            <foto path="../T2/foto.jpg"></foto>
        </membro>
    </equipa>
    <resumo>
        <para>Exercicio 1</para>
            <para>Para a importação do ficheiro Json na base de dados mongo  foi utilizado o seguinte comando:</para>
            <para><i>mongoimport -d premios -c premios --file prize.json --jsonArray</i></para>
    </resumo>
    <resultados>
        <resultado url="https://github.com/sandrasousa/DWEB--EXAME-PG38938.git">GitHub
        </resultado>
    </resultados>
</manifesto>